Rank,Entita
1,espanyol - barcellona
2,agenzia delle entrate 730 precompilato
3,paul tennis
4,alcaraz musetti
5,luca palamara
6,angela nasti
7,stefania camboni
8,teo ciavarella
9,coco gauff
10,prove libere f1
11,roccaraso
12,edi rama
13,castel di sangro
14,stasi alberto
15,rayo vallecano - betis
16,antonio conte juventus
17,roberto conci
18,jasmine paolini
19,osasuna - atlético madrid
20,paolini errani oggi
21,assegno unico maggio 2025 pagamenti
22,nuggets - thunder
23,moratti
24,espanyol vs barcelona
25,conceicao juve
26,eurovision song contest classifica
27,oroscopo 16 maggio
28,gaeta
29,russell crowe
30,meteo ciclone
31,virus zika
32,carol maltesi
33,getafe - atletico bilbao
34,superman
35,allerta vento
36,espanyol – barcelone
37,gauff zheng
38,buffy
39,anticipazioni che dio ci aiuti
40,edin džeko
41,notte dei musei 2025
42,river plate - independiente del valle
43,caduta giro d italia
44,istanbul russia ucraina
45,superenalotto 15 maggio 2025
46,fiorello
47,ambra angiolini
48,fortitudo bologna - cantù
49,huawei watch fit 4
50,erika vikman
51,wta ranking
52,espanyol
53,miriana conte
54,gianluigi buffon
55,barcelona
56,final destination
57,marina rei
58,ascolti tv dati auditel
59,giuseppina torre
60,stearns
61,pezzotto
62,georgia
63,sciopero trenitalia
64,occhi a cuore jovanotti
65,latvia
66,armenia
67,montenegro
68,beauty
69,big mama
70,vlahovic
71,hazel brugger
72,chris brown
73,milena miconi
74,fabio fognini
75,ferran torres
76,sandra studer
77,al raed - al ittihad
78,jj austria
79,jason statham
80,wind warning
81,omar camporese
82,talleres córdoba - alianza lima
83,buongiorno venerdì 16 maggio
84,joel dicker
85,flu shots
86,vaccinations
87,allerta meteo calabria
88,immunizations
89,cechia
90,vaccines
91,christian braun
92,sallusti
93,pupi avati
94,casandra ventura
95,anna lou castoldi
96,bonus giovani under 35
97,sergio scariolo
98,osama bin laden
99,axios
100,iago garcia
101,giro d'italia 2025 live
102,laura thorn
103,luciano darderi
104,rai 2
105,presentatrici eurovision 2025
106,malta
107,roland garros
108,koopmeiners
109,don matteo
110,palestrina
111,dead island 2
112,foro italico
113,il collegio
114,paolini tennis
115,lituania
116,puff daddy
117,un posto al sole stasera
118,loredana bertè
119,manuel agnelli
120,mariam shengelia
121,gerry scotti
122,meteo torino oggi
123,czechia
124,roberto saviano
125,boston
126,israele eurovision
127,denzel washington
128,arcangelo uomini e donne
129,jeffrey sachs
130,jj
131,austria eurovision 2025
132,giorgione barchiesi
133,cesano boscone
134,rayo vallecano vs real betis
135,osasuna atletico madrid
136,guenda goria
137,vittorio feltri
138,catanzaro informa
139,voto referendum
140,katia follesa
141,djokovic
142,toto riina
143,epic games
144,cattelan
145,jj eurovision
146,risultati nba
147,elefante investito
148,lima
149,sissal
150,barcelona vs
151,anna tatangelo
152,paris hilton
153,cable tv
154,melenchon
155,repubblica ceca
156,salma hayek
157,alberto di monaco
158,rai 3
159,nba risultati
160,gubbio
161,flavia pennetta
162,michelle hunziker eurovision
163,milkshake man
164,emanuele pozzolo
165,basel
166,remember monday
167,protezione civile allerta meteo
168,bono vox
169,the roop
170,san paolo
171,playoff nba
172,montepremi atp roma 2025
173,monteforte irpino
174,joe bastianich
175,matteo salvini
176,serbia
177,patrizia pellegrino
178,bridgerton
179,asteromata
180,aldo cazzullo una giornata particolare
181,rai3
182,csaba dalla zorza
183,mario draghi
184,israele
185,oroscopo oggi paolo fox sagittario
186,gianmarco tamberi
187,sangiovanni
188,tennis domani
189,meteo milano oggi
190,trade republic
191,dublino
192,nola
193,video
194,via verro milano
195,sabrina carpenter
196,brusciano
197,benson boone
198,armenia eurovision 2025
199,arezzo
200,klavdia
201,raoul bova
202,roland garros 2025
203,putin
204,renzo furlan
205,morocco u-20 - egitto u-20
206,corleone
207,m
208,frattamaggiore
209,anticipazioni tradimento
210,giaveno
211,renzo arbore
212,svizzera
213,master 1000 roma
214,siner
215,michael jordan
216,wimbledon
217,chuck norris
218,william hill
219,rietilife
220,livigno
221,albano
