Entita,Intitle_Results_24h
sara campanella,0
1 aprile,0
lazio - torino,0
conceicao,0
abate,0
lacerenza,0
monica setta,0
rolex,0
whatsapp intelligenza artificiale,0
banconote da 50 euro ritirate,0
paros,0
apple intelligence,0
chi ha vinto grande fratello 2025,0
francia marine le pen,0
pesce d aprile 2025,0
paratici,0
taiwan,0
virginia giuffre,0
bonus bollette,0
napoli - olimpia milano,0
empoli bologna,0
bando concorso allievi vice ispettori,0
grande fratello,0
loris karius,0
giuseppe uomini e donne,0
entella - torres,0
paola motta giornalista sky,0
verona - parma,0
tredici pietro,0
monte amiata,0
chi vincerà il grande fratello 2025,0
spider man brand new day,0
virtus bologna - reggiana,0
assegno unico pagamenti,0
arturo brachetti,0
noipa cedolino,0
angelo madonia,0
ronaldo inter,0
mamelodi - espérance,0
lsg vs pbks,0
brenda lodigiani,0
maria latella,0
rosanna uomini e donne,0
mattia destro,0
gianni sperti,0
blow,0
ascolti tv dati auditel,0
lakers - rockets,0
giovanni terzi,0
paolo guzzanti,0
