Rank,Original_Query
1,spezia - brescia
2,probabili formazioni
3,cambio ora 2025
4,scossa terremoto myanmar
5,andrea pucci
6,assalto portavalori
7,gil vicente - benfica
8,cittadinanza italiana ius sanguinis
9,29 marzo eclissi solare
10,leverkusen - bochum
11,viterbo
12,napoli milan
13,formazioni serie a
14,fulham - crystal palace
15,allerta vento
16,richard jewell
17,real sociedad - valladolid
18,pilar fogliati
19,federico faggin
20,sciopero treni aprile 2025
21,lecce roma
22,ghibli
23,le assaggiatrici (film)
24,joao felix
25,wind warning
26,sbk orari
27,inter udinese
28,venezia bologna
29,miami open 2025 tabellone
30,ciclismo oggi
31,como empoli
32,castello sforzesco
33,the voice senior
34,brigitte bardot
35,orari motogp
36,santa rosa
37,fabio balaso
38,taylor fritz
39,diego armando maradona
40,perugia - pineto
41,pelicans - warriors
42,azione
43,probabili formazioni gazzetta
44,carlo ancelotti
45,inps cedolino pensione
46,meteo milano
47,eid ul fitr 2025
48,armando izzo
49,ancelotti real madrid
50,probabili formazioni fantacalcio
51,modena catanzaro
52,sondrio
53,alba berlino - virtus bologna
54,fiorentina atalanta
55,new zealand vs pakistan
56,valtellina
57,muhammad abbas
58,oroscopo paolo fox capricorno
59,nuggets - jazz
60,pistons - cavaliers
61,terence hill
62,picierno
63,polizze catastrofali proroga
64,anticipazioni il paradiso delle signore
65,aspromonte
66,anticipazioni upas un posto al sole
67,arzignano valchiampo - renate
68,ultimi sondaggi politici
69,eid al fitr 2025 italia
70,belve
71,groenlandia
72,rcb vs csk
73,the town
74,pianese - pontedera
75,djuric
76,programmi tv stasera prima serata
77,bodrum - fenerbahçe
78,tradimento
79,latte crudo
80,michael magnesi
81,bucks - knicks
82,michela moioli
83,joël dicker
84,mission impossible
85,sex and the city
86,pierpaolo uomini e donne
87,kit sopravvivenza 72 ore
88,vanuatu
89,liam neeson
90,meta al su whatsapp
91,babygirl
92,allegri roma
93,denzel washington
94,f1 giappone
95,beppe severgnini
96,xai
97,meteo milano oggi
98,luciano darderi
99,tommaso cassissa
100,nets - clippers
101,timberwolves - suns
102,universitario - sport huancayo
103,queen
104,dimitrov
105,previsioni meteo
106,patti smith
107,orario
108,vance
109,andrea pisani
110,penelope cruz
111,costanza fiction
112,grigor dimitrov
113,maradona
114,meteo brescia
115,rocco papaleo
116,partite oggi diretta
117,enzo bearzot
118,moglie brignano
119,tom cruise
120,lauren sánchez
121,re carlo iii
122,bayer leverkusen
123,michelle hunziker
124,woke
125,ben affleck
126,millionday
127,francesca cipriani
128,rachel zegler
129,stefania cappa
130,orvieto
131,rush hour
132,putin
133,balestrate
134,raul cremona
135,antonio di bella
136,monica maggioni
137,luca argentero
138,val kilmer
139,bezos matrimonio
140,twitter down
141,achille lauro
142,massimiliano bruno
143,gianmarco tognazzi
144,hong kong
145,taken
146,downton abbey 3
147,swa
148,brian may
149,prezzo oro
150,corsa contro il tempo
151,strasburgo lione
152,geppi cucciari
153,cracco
154,sezione 8 film
155,termoli
156,favignana
157,schumacher
158,andrea belotti
159,quando esce mare fuori 6
160,range rover
161,الزمالك ضد سيراميكا كليوباترا
162,civita castellana
163,arkadiusz milik
164,valerio aprea
165,estrazione superenalotto
166,galeazzo bignami
167,lacerenza
168,luisa ranieri
169,ferrovie dello stato
170,benedetta orlando
171,atf
172,cambogia
173,julio iglesias
174,valore bitcoin
175,massimo giletti
176,infernetto
177,varenne
178,starlink
179,jodie foster
180,treviso
181,holland
182,bursa
183,alexis sánchez
184,margaret spada
185,referendum 8 9 giugno
186,sarah jessica parker
187,ministro urso
188,nicola porro
189,brisighella
190,sanchez
191,lady gaga milano
192,sofia vergara
193,marracash
194,vladimir putin
195,david hasselhoff
196,blake lively
197,brescia
198,valeria graci
199,veronica gentili
200,messi
201,nonostante film
202,bariloche
203,omicidio pierina
204,neymar
205,rete 4 diretta
206,diretta it
207,unipol arena
208,phuket
209,la lista dei miei desideri
210,narni
211,lucrezia lando
